land_id,side,signal,die_pad,land_x_mm,land_y_mm,die_x_um,die_y_um
T1,T,VSS,T2,-41.011,26.215,238.512,-62.633
T2,T,VDD08D,T3,-39.811,26.215,331.612,-62.633
T3,T,VSS,T4,-38.611,26.215,445.414,-62.633
T4,T,SEL_APB_SPI_N,T5,-37.411,26.215,538.514,-62.633
T5,T,VSS,T6,-36.211,26.215,631.614,-62.633
T6,T,VSS,T7,-35.011,26.215,745.415,-62.633
T7,T,SDA,T8,-33.811,26.215,838.516,-62.633
T8,T,VDD08PA,T9,-32.611,26.215,931.615,-62.633
T9,T,VDD08D,T10,-31.411,26.215,1045.417,-62.633
T10,T,SCL,T11,-30.211,26.215,1138.518,-62.633
T11,T,VDD08DLL<7>,T12,-29.011,26.215,1231.617,-62.633
T12,T,VDD18PLL<7>,T13,-27.811,26.215,1345.418,-62.633
T13,T,VDD08DLL<6>,T14,-26.611,26.215,1438.520,-62.633
T14,T,VSS,T15,-25.411,26.215,1531.618,-62.633
T15,T,VDD18PLL<6>,T16,-24.211,26.215,1645.422,-62.633
T16,T,LB_PCLK,T17,-23.011,26.215,1738.522,-62.633
T17,T,VDD08PA,T18,-21.811,26.215,1831.622,-62.633
T18,T,VSS,T19,-20.611,26.215,1945.424,-62.633
T19,T,VDD50PD,T20,-19.411,26.215,2038.524,-62.633
T20,T,VDD08PA,T21,-18.211,26.215,2131.624,-62.633
T21,T,VSS,T22,-17.011,26.215,2245.426,-62.633
T22,T,RESET_N,T23,-15.811,26.215,2338.526,-62.633
T23,T,VDD08TIA,T24,-14.611,26.215,2431.626,-62.633
T24,T,VSSTIA,T25,-13.411,26.215,2545.428,-62.633
T25,T,VDD08,T26,-12.211,26.215,2638.528,-62.633
T26,T,VDD08D,T27,-11.011,26.215,2731.628,-62.633
T27,T,VDD08PA,T28,-9.811,26.215,2845.430,-62.633
T28,T,VDD08,T29,-8.611,26.215,2938.530,-62.633
T29,T,VSSTIA,T30,-7.411,26.215,3031.630,-62.633
T30,T,VDD08TIA,T31,-6.211,26.215,3145.432,-62.633
T31,T,SDI,T32,-5.011,26.215,3238.532,-62.633
T32,T,VSS,T33,-3.811,26.215,3331.628,-62.633
T33,T,VDD08PA,T34,-2.611,26.215,3445.434,-62.633
T34,T,CSB,T35,-1.411,26.215,3538.534,-62.633
T35,T,VDD08D,T36,-0.211,26.215,3631.634,-62.633
T36,T,VDD08PA,T37,0.989,26.215,3745.436,-62.633
T37,T,VDD08DLL<0>,T38,2.189,26.215,3838.536,-62.633
T38,T,VDD18PLL<0>,T39,3.389,26.215,3931.636,-62.633
T39,T,VSS,T40,4.589,26.215,4045.432,-62.633
T40,T,SCAN_MODE,T41,5.789,26.215,4138.538,-62.633
T41,T,VDD18PLL<1>,T42,6.989,26.215,4231.638,-62.633
T42,T,VDD08DLL<1>,T43,8.189,26.215,4345.434,-62.633
T43,T,SCK,T44,9.389,26.215,4438.540,-62.633
T44,T,VDD08D,T45,10.589,26.215,4531.634,-62.633
T45,T,VDD12LED,T46,11.789,26.215,4645.435,-62.633
T46,T,SCAN_SAFE_MODE,T47,12.989,26.215,4738.542,-62.633
T47,T,VSSLED,T48,14.189,26.215,4831.635,-62.633
T48,T,VDD50LED,T49,15.389,26.215,4945.437,-62.633
T49,T,VDD50LED_SNS,T50,16.589,26.215,5038.544,-62.633
T50,T,VSSLED,T51,17.789,26.215,5131.637,-62.633
T51,T,VDD12LED,T52,18.989,26.215,5245.446,-62.633
T52,T,SCAN_EN,T53,20.189,26.215,5338.546,-62.633
T53,T,VDD08D,T54,21.389,26.215,5431.646,-62.633
T54,T,VDD50LED,T55,22.589,26.215,5545.448,-62.633
T55,T,SCAN_CLK,T56,23.789,26.215,5638.548,-62.633
T56,T,VSSLED,T57,24.989,26.215,5731.640,-62.633
T57,T,VDD12LED,T58,26.189,26.215,5845.450,-62.633
T58,T,DFT_SCAN_SDI<1>,T59,27.389,26.215,5938.550,-62.633
T59,T,VSSLED,T60,28.589,26.215,6031.650,-62.633
T60,T,VDD50LED,T61,29.789,26.215,6145.452,-62.633
T61,T,DFT_SCAN_SDI<2>,T62,30.989,26.215,6238.552,-62.633
T62,T,VDD08D,T63,32.189,26.215,6331.652,-62.633
T63,T,VDD08,T64,33.389,26.215,6445.454,-62.633
T64,T,VDD18E,T65,34.589,26.215,6538.554,-62.633
T65,T,REXT1,T66,35.789,26.215,6631.654,-62.633
T66,T,VATB_LED1,T67,36.989,26.215,6745.456,-62.633
T67,T,F,T68,38.189,26.215,6838.556,-62.633
T68,T,REXT2,T69,39.389,26.215,6931.656,-62.633
T69,T,VATB_LED0,T70,40.589,26.215,7045.458,-62.633
T70,T,DFT_SCN_SDO<2>,T71,41.789,26.215,7138.558,-62.633
T71,T,VSS,T72,42.989,26.215,7231.658,-62.633
T72,T,VSS,T73,44.189,26.215,7345.460,-62.633
T73,T,DFT_SCN_SDO<1>,T74,45.389,26.215,7438.560,-62.633
T74,T,VSS,T75,46.589,26.215,7531.660,-62.633
T75,T,VDD08D,T76,47.789,26.215,7645.450,-62.633
T76,T,VSS,T77,48.989,26.215,7738.550,-62.633
B1,B,VSS,B3,-28.358,-31.204,331.612,-4925.771
B2,B,CLKOUTP_MUX,B4,-27.158,-31.204,445.414,-4925.771
B3,B,VSS,B5,-25.958,-31.204,538.514,-4925.771
B4,B,CLKOUTN_MUX,B6,-24.758,-31.204,631.614,-4925.771
B5,B,RSSI_L,B7,-23.558,-31.204,745.415,-4925.771
B6,B,VDD18D,B8,-22.358,-31.204,838.516,-4925.771
B7,B,RSSI_R,B9,-21.158,-31.204,931.615,-4925.771
B8,B,VDD08PA,B21,-19.958,-31.204,2131.624,-4925.771
B9,B,VSS,B22,-18.758,-31.204,2245.426,-4925.771
B10,B,VDD08PA_SNS,B23,-17.558,-31.204,2338.526,-4925.771
B11,B,VDD08TIA,B24,-16.358,-31.204,2431.626,-4925.771
B12,B,VSSTIA,B25,-15.158,-31.204,2545.428,-4925.771
B13,B,VDD08,B26,-13.958,-31.204,2638.528,-4925.771
B14,B,VDD08D,B27,-12.758,-31.204,2731.628,-4925.771
B15,B,VDD08PA,B28,-11.558,-31.204,2845.430,-4925.771
B16,B,VDD08,B29,-10.358,-31.204,2938.530,-4925.771
B17,B,VSSTIA,B30,-9.158,-31.204,3031.630,-4925.771
B18,B,VDD08TIA,B31,-7.958,-31.204,3145.432,-4925.771
B19,B,VDD08TIA_SNS,B32,-6.758,-31.204,3238.532,-4925.771
B20,B,VSS,B33,-5.558,-31.204,3331.628,-4925.771
B21,B,VDD08PA,B34,-4.358,-31.204,3445.434,-4925.771
B22,B,VDD18_BG<0>,B35,-3.158,-31.204,3538.534,-4925.771
B23,B,VSS,B36,-1.958,-31.204,3631.634,-4925.771
B24,B,VDD08PA,B37,-0.758,-31.204,3745.436,-4925.771
B25,B,VDD08DLL<2>,B38,0.442,-31.204,3838.536,-4925.771
B26,B,VDD18PLL<2>,B39,1.642,-31.204,3931.636,-4925.771
B27,B,VSS,B40,2.842,-31.204,4045.432,-4925.771
B28,B,CLKEXTM<0>,B41,4.042,-31.204,4138.538,-4925.771
B29,B,VDD18PLL<3>,B42,5.242,-31.204,4231.638,-4925.771
B30,B,VDD08DLL<3>,B43,6.442,-31.204,4345.434,-4925.771
B31,B,VDD08BIAS<0>,B44,7.642,-31.204,4438.540,-4925.771
B32,B,VDD08BIAS<0>,B45,8.842,-31.204,4531.634,-4925.771
B33,B,VDD12LED,B46,10.042,-31.204,4645.435,-4925.771
B34,B,CLKEXTP<0>,B47,11.242,-31.204,4738.542,-4925.771
B35,B,VSSLED,B48,12.442,-31.204,4831.635,-4925.771
B36,B,VDD50LED,B49,13.642,-31.204,4945.437,-4925.771
B37,B,VSSLED,B50,14.842,-31.204,5038.544,-4925.771
B38,B,VSSLED,B51,16.042,-31.204,5131.637,-4925.771
B39,B,VDD12LED,B52,17.242,-31.204,5245.446,-4925.771
B40,B,VDD12LED,B53,18.442,-31.204,5338.546,-4925.771
B41,B,VDD18LED,B54,19.642,-31.204,5431.646,-4925.771
B42,B,VDD50LED,B55,20.842,-31.204,5545.448,-4925.771
B43,B,VSSLED,B56,22.042,-31.204,5638.548,-4925.771
B44,B,VSSLED,B57,23.242,-31.204,5731.640,-4925.771
B45,B,VDD12LED,B58,24.442,-31.204,5845.450,-4925.771
B46,B,VDD12LED,B59,25.642,-31.204,5938.550,-4925.771
B47,B,VSSLED,B60,26.842,-31.204,6031.650,-4925.771
B48,B,VDD50LED,B61,28.042,-31.204,6145.452,-4925.771
B49,B,VDD50LED,B62,29.242,-31.204,6238.552,-4925.771
B50,B,VDD50LED,B63,30.442,-31.204,6331.652,-4925.771
B51,B,VSSLED,B65,31.642,-31.204,6538.554,-4925.771
B52,B,VSSLED,B68,32.842,-31.204,6838.556,-4925.771
B53,B,VSSLED,B71,34.042,-31.204,7138.558,-4925.771
B54,B,VSSLED,B74,35.242,-31.204,7438.560,-4925.771
B55,B,VSSLED,B76,36.442,-31.204,7645.450,-4925.771
L1,L,VSS,L46,-41.512,-25.639,72.618,-4650.853
L2,L,V3_CHIP ID<1>,L45,-41.512,-24.439,72.618,-4537.051
L3,L,CHIP_ID<2>,L44,-41.512,-23.239,72.618,-4443.951
L4,L,V3_CHIP ID<0>,L43,-41.512,-22.039,72.618,-4350.851
L5,L,CHIP_ID<1>,L41,-41.512,-20.839,72.618,-4143.950
L6,L,VSS,L40,-41.512,-19.639,72.618,-4050.850
L7,L,CHIP_ID<0>,L38,-41.512,-18.439,72.618,-3843.948
L8,L,VSS,L37,-41.512,-17.239,72.618,-3750.848
L9,L,VSS,L36,-41.512,-16.039,72.618,-3637.047
L10,L,VSS,L34,-41.512,-14.839,72.618,-3450.847
L11,L,VDD08D,L33,-41.512,-13.639,72.618,-3337.045
L12,L,VSS,L31,-41.512,-12.439,72.618,-3150.845
L13,L,VSS,L30,-41.512,-11.239,72.618,-3037.044
L14,L,VSS,L28,-41.512,-10.039,72.618,-2850.844
L15,L,TEST_PLL4_CKOUT,L27,-41.512,-8.839,72.618,-2737.042
L16,L,TEST_DLL_DESKEW_CKOUT,L25,-41.512,-7.639,72.618,-2550.842
L17,L,VSS,L24,-41.512,-6.439,72.618,-2437.040
L18,L,VDD08D,L23,-41.512,-5.239,72.618,-2343.940
L19,L,VDD08D,L22,-41.512,-4.039,72.618,-2250.840
L20,L,VATB_RSSI1,L21,-41.512,-2.839,72.618,-2137.039
L21,L,VDD18B,L20,-41.512,-1.639,72.618,-2043.939
L22,L,VATB_RSSI0,L19,-41.512,-0.439,72.618,-1950.839
L23,L,VDD08D,L18,-41.512,0.761,72.618,-1837.037
L24,L,VDD08D,L17,-41.512,1.961,72.618,-1743.914
L25,L,VDD08D,L16,-41.512,3.161,72.618,-1650.837
L26,L,VSS,L15,-41.512,4.361,72.618,-1537.036
L27,L,VSS,L14,-41.512,5.561,72.618,-1443.893
L28,L,VATB_DLL,L13,-41.512,6.761,72.618,-1350.836
L29,L,VATB_TIA,L12,-41.512,7.961,72.618,-1237.034
L30,L,VDD18A,L11,-41.512,9.161,72.618,-1143.919
L31,L,VDD08,L10,-41.512,10.361,72.618,-1050.834
L32,L,VDD08PA,L9,-41.512,11.561,72.618,-937.033
L33,L,VDD08PA,L8,-41.512,12.761,72.618,-843.945
L34,L,VDD08PA,L7,-41.512,13.961,72.618,-750.833
L35,L,CLKEXTP<1>,L6,-41.512,15.161,72.618,-637.031
L36,L,VSSPST,L5,-41.512,16.361,72.618,-543.931
L37,L,CLKEXTM<1>,L4,-41.512,17.561,72.618,-450.831
L38,L,VSS,L3,-41.512,18.761,72.618,-337.030
L39,L,VDDPST,L2,-41.512,19.961,72.618,-243.930
L40,L,VSS,L1,-41.512,21.161,72.618,-150.830
R1,R,VSSLED,R46,49.488,-29.394,7904.068,-4650.853
R2,R,VSSLED,R45,49.488,-28.194,7904.068,-4537.051
R3,R,VSSLED,R44,49.488,-26.994,7904.068,-4443.951
R4,R,VSSLED,R43,49.488,-25.794,7904.068,-4350.851
R5,R,VDD18LED,R42,49.488,-24.594,7904.068,-4237.050
R6,R,VDD50LED,R41,49.488,-23.394,7904.068,-4143.950
R7,R,VDD50LED,R40,49.488,-22.194,7904.068,-4050.850
R8,R,VSSLED,R39,49.488,-20.994,7904.068,-3937.048
R9,R,VDD08LED,R38,49.488,-19.794,7904.068,-3843.948
R10,R,VDD12LED,R37,49.488,-18.594,7904.068,-3750.848
R11,R,VSSLED,R36,49.488,-17.394,7904.068,-3637.047
R12,R,VSSLED,R35,49.488,-16.194,7904.068,-3543.947
R13,R,VDD50LED,R34,49.488,-14.994,7904.068,-3450.847
R14,R,VSSLED,R33,49.488,-13.794,7904.068,-3337.045
R15,R,VDD08LED,R32,49.488,-12.594,7904.068,-3243.945
R16,R,VDD12LED,R31,49.488,-11.394,7904.068,-3150.845
R17,R,VSSLED,R30,49.488,-10.194,7904.068,-3037.044
R18,R,VDD08LED,R29,49.488,-8.994,7904.068,-2943.944
R19,R,VDD12LED,R28,49.488,-7.794,7904.068,-2850.844
R20,R,VSSLED,R27,49.488,-6.594,7904.068,-2737.042
R21,R,VDDDRVLED_SNS,R26,49.488,-5.394,7904.068,-2643.942
R22,R,VDD50LED,R25,49.488,-4.194,7904.068,-2550.842
R23,R,VSSLED,R24,49.488,-2.994,7904.068,-2437.040
R24,R,VDD08LED,R23,49.488,-1.794,7904.068,-2343.940
R25,R,VDD12LED,R22,49.488,-0.594,7904.068,-2250.840
R26,R,VSSLED,R21,49.488,0.606,7904.068,-2137.039
R27,R,VDD08D_SNS,R20,49.488,1.806,7904.068,-2043.939
R28,R,VDD50LED,R19,49.488,3.006,7904.068,-1950.839
R29,R,VDD18LED,R18,49.488,4.206,7904.068,-1837.037
R30,R,VDDLED_SNS,R17,49.488,5.406,7904.068,-1743.914
R31,R,VDD08D,R16,49.488,6.606,7904.068,-1650.837
R32,R,VSS,R15,49.488,7.806,7904.068,-1537.036
R33,R,LED_I0_SNS,R14,49.488,9.006,7904.068,-1443.893
R34,R,VDD08,R13,49.488,10.206,7904.068,-1350.836
R35,R,TEST_LED_STRB0_CKOUT,R12,49.488,11.406,7904.068,-1237.034
R36,R,LED_I1_SNS,R11,49.488,12.606,7904.068,-1143.919
R37,R,TEST_TX_CKOUT,R10,49.488,13.806,7904.068,-1050.834
R38,R,VSS,R9,49.488,15.006,7904.068,-937.033
R39,R,VDD18C,R8,49.488,16.206,7904.068,-843.945
R40,R,LED_I0_CURRENT,R7,49.488,17.406,7904.068,-750.833
R41,R,VSS,R6,49.488,18.606,7904.068,-637.031
R42,R,VSSPST,R5,49.488,19.806,7904.068,-543.931
R43,R,VSS,R4,49.488,21.006,7904.068,-450.831
R44,R,VSS,R3,49.488,22.206,7904.068,-337.030
R45,R,VDDPST,R2,49.488,23.406,7904.068,-243.930
R46,R,VSS,R1,49.488,24.606,7904.068,-150.830
